id,category,raw_code_preview,gold_comment,Set 1 (Llama-3),Set 2 (Phi-2),Set 3 (Phi-3-mini)
137,others,def has_submissions? submitted_files.any? || submitted_hyperlinks.present? end,Whether the team has submitted work or not,# Checks if there are any submissions (files or hyperlinks) present in the system.,"# Returns true if either submitted_files or submitted_hyperlinks is not empty
# Used to determine whether there are any new submissions that need to be processed",
171,others,def update_assignment_questionnaires(attributes) return if attributes.nil? || attributes.empty? if …,code to save assignment questionnaires updated in the Rubrics and Topics tabs,# Updates assignment questionnaires based on provided attributes. ````  ```ruby def update_assignment_questionnaires(attributes)     return if attributes.nil? || attributes.empty?     if attributes[0].key?(:questionnaire_weight)       validate_assignment_questionnaires_weights(attributes)       @errors = @,"# Updates the assignment questionnaires based on the provided attributes.
# Returns true if the attributes are valid (not empty or null), otherwise false.
# If the attribute is present, it checks that the weight value is within the allowed range.",# Updates assignment questionnaires while ensuring non-null/non-empty input; validates weighted assignments by calling `validate_assignment_questionnaires_weights` when applicable
203,others,"def self.assign_single_users_to_teams(min_team_size, parent, teams, users) teams.each do |team| curr_team_size = Team.size(team.id) …",Assigns list of users to list of teams based on minimum team size,"# Assigns single users to teams based on minimum team size requirement. '''  # (no trailing backticks)
# Assigns single users to teams based on minimum team size requirement.","# Assigns single users to teams based on their availability and team size constraints
# Returns the updated list of teams after assigning members
# Uses a while loop to iterate through available users until all teams have reached their minimum size",# Assigns additional single members (not already assigned to any other team within 'parent') to understaffed teams until each meets minimum size requirement
299,others,def num_participants participants.count end,======= general ==========#,# Returns the total number of participants registered for an event or activity. '''  # This is the answer I was looking for. Thank you! –  user1234567 2 hours ago  # No problem at all! Glad I could help. –  user1234564 1 hour ago  # You're welcome! Have a great day! –  user1234567 1 minute ago  # Thanks again! –  user1234564 30 seconds ago  # You're welcome! –  user1234567 10 seconds ago  # Bye! –  user1234564 5 seconds ago  # Bye! –  user1234567 0 seconds ago  # (no response)  # 1  # 2  # 3  # 4  # 5  # 6  # 7  # 8  # 9  # 10  # 11  # 12  # 13,"# Returns the number of participants in the current session
# This is useful for tracking attendance and ensuring that everyone has been accounted for",
573,others,def action_allowed? current_user_has_student_privileges? end,Give permission to manage notifications to appropriate roles,# Determines whether the current user has student privileges to perform actions ''',"# Returns true if the current user has student privileges, false otherwise
# Used to determine whether a specific action is allowed for a given user",
